NarrativePlace_ID	Zone_ID
albano_laziale	campagna_romana
aliciaro	roma_citta
ardea	campagna_romana
ariccia	campagna_romana
aventino	roma_citta
banca_commerciale_italiana	roma_citta
banca_ditalia	roma_citta
banco_di_santo_spirito	roma_citta
barbiere	roma_citta
bivio_falcognana_casal_bruciato	campagna_romana
borgo_pio	roma_citta
borgo_vecchio	roma_citta
bottaro	roma_citta
bottega_ceccherelli	roma_citta
buco_a_santignazio	roma_citta
ca_francesi	campagna_romana
camera_casello	campagna_romana
campo_de_fiori	roma_citta
campo_marzio	roma_citta
campo_verano	roma_citta
cantinone_albano	campagna_romana
casa_crocchiapani	campagna_romana
casal_bruciato	campagna_romana
casello_km_20_25	campagna_romana
cassero	campagna_romana
castel_di_leva	campagna_romana
castel_gandolfo	campagna_romana
castel_savello	campagna_romana
castelli_romani	campagna_romana
castello	campagna_romana
casuccia_zamira	campagna_romana
cecchina	campagna_romana
celio	roma_citta
centrale_del_latte	roma_citta
ciampino	campagna_romana
cobianchi	roma_citta
collegio_romano	roma_citta
colonnato_san_pietro	roma_citta
corso_umberto	roma_citta
cupola_san_pietro	roma_citta
dazeglio	roma_citta
ditta_ciurlani	campagna_romana
divino_amore	campagna_romana
due_santi	campagna_romana
edicola_due_santi	campagna_romana
esquilino	roma_citta
falcognana	campagna_romana
fontana_di_papa	campagna_romana
fontanella_di_borghese	roma_citta
frascati	campagna_romana
frattocchie	campagna_romana
gianicolo	roma_citta
gioielliere_catellani	roma_citta
grotta_de_sor_pippo	campagna_romana
grottaferrata	campagna_romana
istituto_dellenciclopedia_treccani	roma_citta
laboratorio_zamira	campagna_romana
largo_brancaccio	roma_citta
lungara	roma_citta
maccheronaro	roma_citta
marino	campagna_romana
monte_algido	campagna_romana
monti	roma_citta
orto_vigna_due_santi	campagna_romana
palazzo	campagna_romana
palazzo_219	roma_citta
palazzo_chigi	roma_citta
palazzo_del_mappamondo	roma_citta
palazzo_pio	roma_citta
palazzo_ruspoli	roma_citta
palazzo_simonetti	roma_citta
pantheon	roma_citta
passaggio_livello_casal_bruciato	campagna_romana
pavona	campagna_romana
pensione_burgess	roma_citta
piani_alti_219	roma_citta
piazza_colonna	roma_citta
piazza_di_pietra	roma_citta
piazza_di_spagna	roma_citta
piazza_esedra	roma_citta
piazza_montanara	roma_citta
piazza_pollarola	roma_citta
piazza_rusticucci	roma_citta
piazza_san_giovanni	roma_citta
piazza_san_lorenzo_in_lucina	roma_citta
piazza_verdi	roma_citta
piazza_vittorio_emanuele	roma_citta
piccarozzi	roma_citta
pincio	roma_citta
policlinico	roma_citta
ponte_di_santa_fumia	campagna_romana
ponte_divino_amore	campagna_romana
porta_angelica	roma_citta
porta_borgo_marino	campagna_romana
porta_latina	roma_citta
porta_maggiore	roma_citta
porta_pinciana	roma_citta
porta_san_paolo	roma_citta
pozzo_delle_cornacchie	roma_citta
pozzofondo	campagna_romana
prati	roma_citta
pratica_di_mare	campagna_romana
publicii_clivio_de	roma_citta
quartierino_prati	roma_citta
quattro_cantoni	roma_citta
regina_coeli	roma_citta
ripetta	roma_citta
robine_vecchie	campagna_romana
rocca_di_papa	campagna_romana
rocca_orsina	campagna_romana
rocca_savella	roma_citta
sacro_cuore	roma_citta
san_camillo	roma_citta
san_carlo_alle_quattro_fontane	roma_citta
san_clemente	roma_citta
san_giovanni	roma_citta
san_giovanni_in_laterano	roma_citta
san_lorenzo_al_verano	roma_citta
san_luigi_de_francesi	roma_citta
san_martino_ai_monti	roma_citta
san_silvestro_in_capite	roma_citta
santa_chiara	roma_citta
santa_croce_in_gerusalemme	roma_citta
santa_margherita_in_abitacolo	roma_citta
santa_maria_della_neve	roma_citta
santa_maria_in_aquiro	roma_citta
santa_maria_in_domnica	roma_citta
santa_maria_in_porta_paradisi	roma_citta
santa_maria_maggiore	roma_citta
santa_maria_sopra_minerva	roma_citta
santa_palomba	campagna_romana
santa_rita_invitacolo	roma_citta
santagnese_in_agone	roma_citta
santagostino	roma_citta
santandrea_della_valle	roma_citta
santanna	roma_citta
santantonio_da_padova	roma_citta
santi_quattro_coronati	roma_citta
santo_stefano_del_cacco_celio_santo_stefano	roma_citta
santo_stefano_rotondo	roma_citta
scala_a	roma_citta
scala_b	roma_citta
scale	roma_citta
solforata	campagna_romana
stazione_carabinieri_castello	campagna_romana
stazione_pavona	campagna_romana
suburra	roma_citta
teatro_jovinelli	roma_citta
tempio_di_agrippa	roma_citta
tenenza_carabinieri_marino	campagna_romana
termini	roma_citta
terzo_piano_219	roma_citta
tivoli	campagna_romana
tor_di_gheppio	campagna_romana
tor_ser_paolo	campagna_romana
torraccio	campagna_romana
traforo	roma_citta
trastevere	roma_citta
via_boncompagni	roma_citta
via_botteghe_oscure	roma_citta
via_campo_marzio	roma_citta
via_capo_dafrica	roma_citta
via_carlo_alberto	roma_citta
via_colonna_vittoria	roma_citta
via_dazeglio	roma_citta
via_de_merli	roma_citta
via_de_querceti	roma_citta
via_degli_zingari	roma_citta
via_dei_banchi_vecchi	roma_citta
via_dei_capocci	roma_citta
via_dei_fienili	roma_citta
via_dei_greci	roma_citta
via_dei_serpenti	roma_citta
via_del_corso	roma_citta
via_del_gesu	roma_citta
via_del_gobbo	campagna_romana
via_del_parlamento	roma_citta
via_della_falcognana	campagna_romana
via_della_navicella	roma_citta
via_della_palombella	roma_citta
via_della_scrofa	roma_citta
via_delle_coppelle	roma_citta
via_di_ferro	roma_citta
via_di_grotta_pinta	roma_citta
via_di_pietra	roma_citta
via_di_san_paolo_della_croce	roma_citta
via_di_santo_stefano_rotondo	roma_citta
via_frangipane	roma_citta
via_labbricana	roma_citta
via_lanza	roma_citta
via_ludovisi	roma_citta
via_mamiani	roma_citta
via_massimo_dazeglio	campagna_romana
via_merulana	roma_citta
via_milano	roma_citta
via_monte_caprino	roma_citta
via_montebello	roma_citta
via_nicotera	roma_citta
via_orazio	roma_citta
via_panisperna	roma_citta
via_popolonia	roma_citta
via_ricasoli	roma_citta
via_valadier	roma_citta
via_veneto	roma_citta
via_venti_settembre	roma_citta
via_villari	roma_citta
via_zanardelli	roma_citta
viale_della_regina	roma_citta
viale_liegi	roma_citta
viale_regina_margherita	roma_citta
vicolo_ciancaleoni	roma_citta
vicolo_della_bucimazza	roma_citta
vicolo_delle_grotte_del_teatro	roma_citta
villa_borghese	roma_citta
villa_celimontana	roma_citta
villa_deste	campagna_romana
villa_gregoriana	campagna_romana
villino_lungotevere	roma_citta
viminale	roma_citta
vite	roma_citta
zagarolo	campagna_romana
