Source_ID	Label	Reference	Author	Date	Type	Note
manzotti_2010	Manzotti 2010	Manzotti, E. (2010). «Era l'alba, e più» (C. E. Gadda, Pasticciaccio, VIII). Per leggere, 10(19), 217–312.	Emilio Manzotti	2010	articolo	
pinotti_2025	Pinotti 2025	Pinotti, G. (2025). Il «manoscritto» del secondo «Pasticciaccio»: Un'analisi in assenza (parte prima). Il Gaddus, 3, 73–100.	Giorgio Pinotti	2025	articolo	
cortellessa_2023	Cortellessa 2023	Cortellessa, A. (2023). Archeologia con pescecane: Detriti della Grande Guerra nel «Pasticciaccio». Strumenti critici, 38(3), 659–686. https://doi.org/10.1419/108808	Andrea Cortellessa	2023	articolo	
terzoli_2015	Terzoli 2015	Terzoli, M. A. (2015). Commento a «Quer pasticciaccio brutto de via Merulana» di Carlo Emilio Gadda (con la collaborazione di V. Vitale; 2 voll.). Carocci.	Maria Antonietta Terzoli	2015	monografia	
perosa_2023a	Perosa 2023a	Perosa, G. (2023a). Gadda e il paesaggio: Modi, funzioni, prospettive. Mimesis.	Giulia Perosa	2023	monografia	Vi è citata la lettura di Lugnani (2001), p. 104, n. 97.
matt_pinotti_2022	Matt e Pinotti 2022	Matt, L., & Pinotti, G. (2022). Nel cantiere del secondo «Pasticciaccio»: Gli appunti autografi per la revisione del romanesco. Studi di filologia italiana, 80, 269–352.	L. Matt; Giorgio Pinotti	2022	articolo	
sabatino_cap4	Capitolo 4	Sabatino, L. (2026). Capitolo 4, in GaddAtlas: tesi di dottorato in Digital Humanities, Università di Bologna (FICLIT).	Lorenzo Sabatino	2026	capitolo di tesi	
censimento_gaddatlas	Censimento GaddAtlas	Censimento dei luoghi del Pasticciaccio (GaddAtlas): fogli NarrativePlaces e GazetteerEntities, descrizioni e statuti.	Lorenzo Sabatino	2026	dataset	
wikidata	Wikidata	Wikidata, base di conoscenza libera (Wikimedia Foundation). https://www.wikidata.org	Wikimedia Foundation		repertorio	Repertorio di un identificatore esterno (owl:sameAs) dell'ancora; usato dalle letture di statuto generate (D-068).
geonames	GeoNames	GeoNames, base di dati geografica. https://www.geonames.org			repertorio	Come sopra (D-068).
bertarelli_1924	Bertarelli 1924	Bertarelli, L. V. (1924). Italia centrale, vol. I (Guida d'Italia del TCI). Touring Club Italiano.	Luigi Vittorio Bertarelli	1924	guida, repertorio	Cartine: «Colli laziali, Monti Lepini ed Ernici (Roma, Frosinone)», tra pp. 480–481 (Terzoli 2015, CART. 2; la carta di Manzotti 2010, Tav. V/VI, per Casal Bruciato, L-0001; conferma: Terzoli 2015, p. 766); «Sabina meridionale, Monti Tiburtini, Prenestini e Carseolani», tra pp. 456–457 (CART. 3). Le carte sono locatori (D-086).
igm_150_iii_so	IGM, F. 150 III SO	Istituto Geografico Militare, F. 150 III SO, 1:25.000, rilievo 1872, aggiornamenti 1931 e 1940 (riprodotta in Manzotti 2010, Tav. VII, p. 301).	Istituto Geografico Militare	1940	carta	Data: ultimo aggiornamento della tavoletta (rilievo 1872).
lugnani_2001	Lugnani 2001	Lugnani, L. (2001). Racconto ed esperienza umana del tempo. The Edinburgh Journal of Gadda Studies, 1.	Lucio Lugnani	2001	articolo	Fonte citata di seconda mano, non letta direttamente: la lettura e' estratta da Perosa 2023a, p. 104, n. 97 (D-071).
rr2	RR II	Gadda, C. E. (1989). Romanzi e racconti II (G. Pinotti, D. Isella, R. Rodondi, a cura di). Garzanti.	Giorgio Pinotti, Dante Isella, Raffaella Rodondi (a cura di)	1989	edizione	Edizione che contiene QPL (pp. 277–460) e QP: non e' un testimone; QPL e QP vi sono letti (chora:readIn, D-073). Edizione da cui citano Manzotti 2010, Pinotti 2016 e Perosa 2023a.
terzoli_2008	Terzoli 2008	Terzoli, M. A. (2008). Riferimento bibliografico completo da compilare (citato in Terzoli 2015, p. 911, per le pp. 109–113).	Maria Antonietta Terzoli	2008	saggio	Terzoli 2015 lo cita come 2007 (p. 419) e 2008 (p. 911), stesse pp. 109–113: anno da verificare. Riferimento bibliografico completo da compilare (D-086).
bertarelli_1925	Bertarelli 1925	Bertarelli, L. V. (1925). Roma e dintorni = Italia centrale, vol. IV (Guida d'Italia del TCI). Touring Club Italiano.	Luigi Vittorio Bertarelli	1925	guida, repertorio	Cartine: «Roma e dintorni», tra pp. 736–737 (Terzoli 2015, CART. 4); «Colli Albani», tra pp. 758–759 (CART. 1). Vi rinvia «TCI, Italia centrale IV, p. 761» di Manzotti 2010, pp. 239–240. Candidata per l'edicola ai Due Santi la CART. 1 (Terzoli 2015, p. 419; DC-03, aperta). Le carte sono locatori (D-086).
italia_2020	Italia 2020	Italia, P. (2020). Editing Duemila: Per una filologia dei testi digitali. Salerno Editrice.	Paola Italia	2020	monografia	
glm_1997a	Grassadonia, Lagossi e Marchetti 1997a	Grassadonia, F., Lagossi, P., & Marchetti, M. (a cura di) (1997a). Quer pasticciaccio brutto de via Merulana. Strumenti per la lettura (2 voll.). Milano: Garzanti Scuola.	Fabio Grassadonia; Paola Lagossi; Mario Marchetti	1997	commento	Citati di seconda mano in Terzoli 2015, pp. 535–537 (chora:originalSource); vale anche per «G.L.M., Commento» citato da Manzotti 2010 (D-086).
